Project Assistant,Centrient Pharmaceuticals,https://www.jobbird.com/nl/vacature/22852725-project-assurance-advisor,failed,2025-02-09
Project Assistant,Centrient Pharmaceuticals,https://www.jobbird.com/nl/vacature/22852725-project-assurance-advisor,failed,2025-02-09
Project Assistant,Centrient Pharmaceuticals,https://www.jobbird.com/nl/vacature/22852725-project-assurance-advisor,failed,2025-02-09
Project Assistant,Centrient Pharmaceuticals,https://www.jobbird.com/nl/vacature/22852725-project-assurance-advisor,failed,2025-02-09
Project Assistant,Centrient Pharmaceuticals,https://www.jobbird.com/nl/vacature/22852725-project-assurance-advisor,failed,2025-02-09
Project Assistant,Centrient Pharmaceuticals,https://www.jobbird.com/nl/vacature/22852725-project-assurance-advisor,failed,2025-02-09
Project Assistant,Centrient Pharmaceuticals,https://www.jobbird.com/nl/vacature/22852725-project-assurance-advisor,failed,2025-02-09
Project Assistant,Centrient Pharmaceuticals,https://www.jobbird.com/nl/vacature/22852725-project-assurance-advisor,failed,2025-02-09
Project Assistant,Centrient Pharmaceuticals,https://careers.schipholgroup.com/vacatures/techniek-en-bouw/pmo-advisor#apply,failed,2025-02-09
Project Assistant,Centrient Pharmaceuticals,https://careers.schipholgroup.com/vacatures/techniek-en-bouw/pmo-advisor#apply,failed,2025-02-09
Project Assistant,Centrient Pharmaceuticals,https://careers.schipholgroup.com/vacatures/techniek-en-bouw/pmo-advisor#apply,failed,2025-02-09
Project Assistant,Centrient Pharmaceuticals,https://careers.schipholgroup.com/vacatures/techniek-en-bouw/pmo-advisor#apply,failed,2025-02-10
Project Assistant,Centrient Pharmaceuticals,https://careers.schipholgroup.com/vacatures/techniek-en-bouw/pmo-advisor#apply,failed,2025-02-10
Project Assistant,Centrient Pharmaceuticals,https://careers.schipholgroup.com/vacatures/techniek-en-bouw/pmo-advisor#apply,failed,2025-02-10
Project Assistant,Centrient Pharmaceuticals,https://careers.schipholgroup.com/vacatures/techniek-en-bouw/pmo-advisor#apply,failed,2025-02-10
Project Assistant,Centrient Pharmaceuticals,https://careers.schipholgroup.com/vacatures/techniek-en-bouw/pmo-advisor#apply,failed,2025-02-10
Project Assistant,Centrient Pharmaceuticals,https://careers.schipholgroup.com/vacatures/techniek-en-bouw/pmo-advisor#apply,success,2025-02-10
Project Assistant,Centrient Pharmaceuticals,https://careers.schipholgroup.com/vacatures/techniek-en-bouw/pmo-advisor#apply,failed,2025-02-10
Project Assistant,Centrient Pharmaceuticals,https://careers.schipholgroup.com/vacatures/techniek-en-bouw/pmo-advisor#apply,success,2025-02-10
Project Assistant,Centrient Pharmaceuticals,https://nl.linkedin.com/jobs/view/project-assistant-at-centrient-pharmaceuticals-4145777967,failed,2025-02-10
Project Assistant,Centrient Pharmaceuticals,https://nl.linkedin.com/jobs/view/project-assistant-at-centrient-pharmaceuticals-4145777967,failed,2025-02-10
Project Assistant,Centrient Pharmaceuticals,https://nl.linkedin.com/jobs/view/project-assistant-at-centrient-pharmaceuticals-4145777967,failed,2025-02-10
Project Assistant,Centrient Pharmaceuticals,https://nl.linkedin.com/jobs/view/project-assistant-at-centrient-pharmaceuticals-4145777967,failed,2025-02-10
Project Assistant,Centrient Pharmaceuticals,https://nl.linkedin.com/jobs/view/project-assistant-at-centrient-pharmaceuticals-4145777967,failed,2025-02-10
